Designator,Footprint,Quantity,Value,LCSC Part #
"A0, B0, C0",16AWG_PAD,3,PAD16AWG_PAD,
ABS0,JST_S4B-ZR-SM4A-TF(LF)(SN),1,JST_ZH4,S4B-ZR-SM4A-TF(LF)(SN)
"C10, C12, C13, C16, C8",C0402,5,0.1uF,MF-CAP-0402-0.1uF
C11,C0402_NOBORDER,1,0.1uF,MF-CAP-0402-0.1uF
"C15, C17, C18, C3, C56, C9",C0402,6,1uF,MF-CAP-0402-1uF
"C19, C64",0402,2,100nF,
C20,C0603,1,1uF,MF-CAP-0603-1uF
C21,C1206,1,10uF,MF-CAP-1206-10uF
"C22, C23, C24, C25, C26, C27, C28, C29, C30, C31, C32, C33, C34, C36, C37",C1206,15,10uF 50V,C3216X7R1H106K160AE
C35,C1206_NOBORDER,1,10uF 50V,C3216X7R1H106K160AE
C38,0402,1,10uF,
C39,C0805,1,1uF 100V,GCM21BC72A105KE36L
"C40, C41, C42, C43, C44, C45, C46, C47, C48, C49, C50, C51, C52, C53, C54",C1206_NOCREAM,15,DNP,
C55,C0402,1,DNP,
C57,C0402,1,0.01uF,MF-CAP-0402-0.01uF
"C61, C63",C1206,2,0.1uF 50V,12065C104KAZ2A
C62,C0603_NOBORDER,1,0.1uF 50V,06035C104KAZ2A
C65,C0402,1,100nF,MF-CAP-0402-1uF
"CAN1, CAN2",JST_S3B-PH-SM4-TB(LF)(SN),2,JST-PH3,S3B-PH-SM4-TB(LF)(SN)
"D1, D10, D11, D12, D5, D6, D7, D8, D9",SODFL1608X70N,9,BAT41KFILM,BAT41KFILM
"D2, D3",LED0603,2,MF-LED-0603-RED,MF-LED-0603-GREEN
"D33, DA0, DAC0, DB0, DBG1, DBG2, DC0, DG2, TEMP1, TEMP2",24AWG_PAD,10,PAD24AWG_PAD,
D4,SOT23-3,1,DUAL_TVS,CDSOT23-0502B
ENC0,PICO-SPOX-SMT-RA-6-NOPASTE,1,PICO-SPOX-6NOPASTE,
IC1,SOIC127P600X175-8N,1,"TJA1050T_CM,118",
IC2,QFN50P900X900X100-65N-D,1,STSPIN32G4,
"IC3, IC4",SOIC127P600X175-8N,2,AS5600-ASOM,
"J1, J2",XT30PW_MALE,2,XT30XT30PW_MALE,
L2,INDC2016X180N,1,LBM2016T120J,
"M1, M2, M3, M4",MountingHole_2.7mm_M2.5_DIN965_Pad,4,MOUNT,
"Q1, Q2, Q3, Q4, Q5, Q6",SOP_ADVANCE_8,6,TPH1R204PLSOP_ADVANCE_8,"TPH2R506PL,L1Q"
"R1, R2",R0402,2,560,MF-RES-0402-560
R10,R0402,1,DNP,
"R12, R13, R14, R15, R16, R17",R0402,6,1k,MF-RES-0402-2K
"R22, R23, R24, R25, R26, R27",R0402,6,7.5,RC0402FR-077R5L
"R3, R4",R0402,2,2k,MF-RES-0402-2K
R5,R0402,1,100k 1%,RC0402FR-07100KL
R6,R0402,1,4.7k 1%,RC0402FR-074K7L
"R7, R9",R0402,2,10k 1%,RC0402FR-0710KL
R8,R0402,1,47k NTC,NCP15WB473F03RC
"RA0, RB0, RC0",M1206,3,0.5mOhm 1% 2W,HCS1206FTL500
SWD0,JST_S6B-ZR-SM4A-TF(LF)(SN),1,JST-ZH6,S6B-ZR-SM4A-TF(LF)(SN)
U4,21-0487A_MXM,1,MAX15062AATA+T,MAX15062AATA+T
