Designator,Footprint,Quantity,Value,LCSC Part #
ABS0,JST_S4B-ZR-SM4A-TF(LF)(SN),1,JST_ZH4,S4B-ZR-SM4A-TF(LF)(SN)
"C10, C12, C13, C16, C8",C0402,5,0.1uF,MF-CAP-0402-0.1uF
C11,C0402_NOBORDER,1,0.1uF,MF-CAP-0402-0.1uF
"C14, C7",0402,2,10uF,
"C15, C17, C18, C3, C38, C9",C0402,6,1uF,MF-CAP-0402-1uF
"C19, C20",0402,2,100nF,
"C21, C39",C0402,2,100nF,MF-CAP-0402-1uF
"C22, C23, C24, C25, C26, C27, C28, C29, C30, C31, C32, C33, C34, C36, C37",C1206,15,10uF 50V,C3216X7R1H106K160AE
C35,C1206_NOBORDER,1,10uF 50V,C3216X7R1H106K160AE
"C40, C41, C42, C43, C44, C45, C46, C47, C48, C49, C50, C51, C52, C53, C54",C1206_NOCREAM,15,DNP,
C57,C0402,1,0.01uF,MF-CAP-0402-0.01uF
C6,1210,1,200nF / 100V,
"C61, C63",C1206,2,0.1uF 50V,12065C104KAZ2A
C62,C0603_NOBORDER,1,0.1uF 50V,06035C104KAZ2A
"CAN1, CAN2",JST_S3B-PH-SM4-TB(LF)(SN),2,JST-PH3,S3B-PH-SM4-TB(LF)(SN)
"D1, D10, D11, D12, D5, D6, D7, D8, D9",SODFL1608X70N,9,BAT41KFILM,BAT41KFILM
D14,D_SMA,1,D_Schottky,
"D2, D3",LED0603,2,MF-LED-0603-RED,MF-LED-0603-GREEN
D4,SOT23-3,1,DUAL_TVS,CDSOT23-0502B
ENC0,PICO-SPOX-SMT-RA-6-NOPASTE,1,PICO-SPOX-6NOPASTE,
IC1,SOIC127P600X175-8N,1,"TJA1050T_CM,118",
IC2,QFN50P900X900X100-65N-D,1,STSPIN32G4,
"IC3, IC4",SOIC127P600X175-8N,2,AS5600-ASOM,
"J1, J2",XT30PW_MALE,2,XT30XT30PW_MALE,
L2,IND-SMD_L5.8-W5.2_SCD0503T,1,18uH/1A,
"Q1, Q2, Q3, Q4, Q5, Q6",SOP_ADVANCE_8,6,TPH1R204PLSOP_ADVANCE_8,"TPH2R506PL,L1Q"
"R1, R2",R0402,2,510,MF-RES-0402-560
"R12, R13, R28, R29, R33, R34",R0402,6,22k,MF-RES-0402-2K
"R14, R16, R20, R21, R31, R32",R0402,6,1.5k,MF-RES-0402-2K
"R17, R30, R35",R0402,3,11k,MF-RES-0402-2K
"R22, R23, R24, R25, R26, R27",R0402,6,10,RC0402FR-077R5L
"R3, R4",R0402,2,2k,MF-RES-0402-2K
R5,R0402,1,100k,RC0402FR-07100KL
R6,R0402,1,4.7k,RC0402FR-074K7L
"R7, R9",R0402,2,10k,RC0402FR-0710KL
R8,R0402,1,47k NTC,NCP15WB473F03RC
"RA0, RB0, RC0",M1206,3,0.5mOhm 1% 2W,HCS1206FTL500
SWD0,JST_S6B-ZR-SM4A-TF(LF)(SN),1,JST-ZH6,S6B-ZR-SM4A-TF(LF)(SN)
